,GENE_1,GENE_2,GENE_3,GENE_4,GENE_5,GENE_6,GENE_7,GENE_8,GENE_9,GENE_10,GENE_11,GENE_12,GENE_13,GENE_14,GENE_15,GENE_16,GENE_17,GENE_18,GENE_19,GENE_20,GENE_21,GENE_22,GENE_23,GENE_24,GENE_25,GENE_26,GENE_27,GENE_28,GENE_29,GENE_30,GENE_31,GENE_32,GENE_33,GENE_34,GENE_35,GENE_36,GENE_37,GENE_38,GENE_39,GENE_40,GENE_41,GENE_42,GENE_43,GENE_44,GENE_45,GENE_46,GENE_47,GENE_48,GENE_49,GENE_50
Sample_Patient,0.4967141530112327,-0.13826430117118466,0.6476885381006925,1.5230298564080254,-0.23415337472333597,-0.23413695694918055,1.5792128155073915,0.7674347291529088,-0.4694743859349521,0.5425600435859647,-0.46341769281246226,-0.46572975357025687,0.24196227156603412,-1.913280244657798,-1.7249178325130328,-0.5622875292409727,-1.0128311203344238,0.3142473325952739,-0.9080240755212109,-1.4123037013352915,1.465648768921554,-0.22577630048653566,0.06752820468792384,-1.4247481862134568,-0.5443827245251827,0.11092258970986608,-1.1509935774223028,0.37569801834567196,-0.600638689918805,-0.2916937497932768,-0.6017066122293969,1.8522781845089378,-0.013497224737933921,-1.0577109289559004,0.822544912103189,-1.2208436499710222,0.2088635950047554,-1.9596701238797756,-1.3281860488984305,0.19686123586912352,0.7384665799954104,0.1713682811899705,-0.11564828238824053,-0.3011036955892888,-1.4785219903674274,-0.7198442083947086,-0.4606387709597875,1.0571222262189157,0.3436182895684614,-1.763040155362734
